trip_id,start_lat,start_lon,end_lat,end_lon,straight_m,path_m,path_over_straight,n_points,start_ts,end_ts,duration_s,anomaly_score,is_anomalous,start_cluster,if_anomaly_score,if_score_raw,if_is_anomaly
-9184194414569400743,51.08161,71.39988,51.09609,71.42725,2499.334093708728,57172.64694681684,22.875151861742157,88,,,,21.875151861742157,True,0,-1,-0.019736629578824716,True
-9169092331127415906,51.10022,71.42862,51.08235,71.40114,2762.546935916192,67152.38160972111,24.308141424373733,105,,,,23.308141424373733,True,0,-1,-0.03555774566025449,True
-9167875026883133696,51.08689,71.4100317,51.08689,71.4100317,0.0,225294.13913832055,,386,,,,0.0,False,0,-1,-0.09853997120255209,True
-9158708586266049143,51.098975,71.4291351,51.0906123,71.4088616,1693.852597156767,614838.1887237355,362.9821093971094,905,,,,361.9821093971094,True,0,-1,-0.07289420210029396,True
-8956584428650312983,51.09893,71.40361,51.08901,71.42533,1875.496191089448,16559.647413482748,8.829475363457547,17,,,,7.829475363457547,True,0,-1,-0.01000300735199966,True
-8939808986530211433,51.0874483,71.4209894,51.0896612,71.4113717,715.3842594454414,540134.2303105381,755.0267191079164,1021,,,,754.0267191079164,True,0,-1,-0.050736189351012095,True
-8899400287722221763,51.08686,71.42373,51.07636,71.41999,1196.4193031295745,1196.4193031295745,1.0,2,,,,0.0,True,0,-1,-0.00471981699085966,True
-8840305814421191426,51.0917167,71.413225,51.0917167,71.413225,0.0,598346.172586089,,848,,,,0.0,False,0,-1,-0.1587223907669344,True
-8799961684328910634,51.0828109,71.4002016,51.0902723,71.4205861,1647.8853465162513,1656.4181359027737,1.0051780237044776,10,,,,0.0051780237044776,False,0,-1,-0.02514905203866269,True
-8586024988812817621,51.0966,71.41885,51.0966,71.41885,0.0,38826.62426304495,,77,,,,0.0,False,0,-1,-0.014038838612169036,True
-8572624205826347198,51.0863192,71.4163784,51.0855236,71.4119865,319.2651231087107,941093.5475732308,2947.6866699679745,1134,,,,2946.6866699679745,True,0,-1,-0.1322020258889156,True
-8558299629165726926,51.1000361,71.4274231,51.0856242,71.4077282,2111.8535332969955,701466.3959008686,332.15674517245014,940,,,,331.15674517245014,True,0,-1,-0.11853824580788042,True
-8549113909338844187,51.091637,71.3982832,51.0960209,71.4001072,503.8355036723084,269358.7302062552,534.6164139743604,2724,,,,533.6164139743604,True,0,-1,-0.09418459032536908,True
-8482576274139531225,51.0882267,71.4288149,51.0892783,71.4113117,1228.0607892354017,588208.3537675081,478.973320313997,1073,,,,477.973320313997,True,0,-1,-0.06809254237550544,True
-8473502331865785375,51.086,71.42791,51.08554,71.43308,364.7176498402959,704565.890035792,1931.8118833687108,1357,,,,1930.8118833687108,True,0,-1,-0.13303031931399256,True
-8416972870719849077,51.0956,71.40816,51.08819,71.42629,1510.6602990372764,5420.975758799635,3.5884809856023554,10,,,,2.5884809856023554,True,0,-1,-0.013139961401857914,True
-8397235589692293683,51.0822906,71.4001613,51.0904848,71.4296958,2255.1551458967724,329211.78163880704,145.98187722818267,661,,,,144.98187722818267,True,0,-1,-0.010511992036853157,True
-8340444810992977280,51.0975267,71.4243715,51.0971002,71.411232,918.7608622213558,814133.0941941028,886.1207825349823,970,,,,885.1207825349823,True,0,-1,-0.09614084503736897,True
-8333727751045843068,51.0992298,71.4096966,51.089788,71.4113244,1056.0165541928088,770414.4656675446,729.5477164715747,1093,,,,728.5477164715747,True,0,-1,-0.09993097457159972,True
-8291695048817409751,51.1006162,71.4238339,51.0820183,71.4042873,2477.933143886742,85906.84185721139,34.66874885997243,115,,,,33.66874885997243,True,0,-1,-0.006436221362593919,True
-8258059490520385414,51.0807412,71.4131273,51.0942542,71.410111,1517.274306690338,674993.700768739,444.8725571852045,1109,,,,443.8725571852045,True,0,-1,-0.09865480450044162,True
-8229806661791058765,51.0799163,71.4213284,51.0957955,71.4340269,1975.9250432664303,697992.0372622076,353.24823663773543,914,,,,352.24823663773543,True,0,-1,-0.11248923879666017,True
-8229319428089221814,51.0984333,71.4072767,51.0879906,71.4089882,1167.310702097759,546532.2090980728,468.1977198666189,784,,,,467.1977198666189,True,0,-1,-0.013147220403281867,True
-8225665319449591720,51.1014239,71.4164099,51.0781581,71.420855,2605.6000713883886,93615.7091390418,35.928656192106594,114,,,,34.928656192106594,True,0,-1,-0.017191366748737558,True
-8194172833588890297,51.09812,71.40853,51.07874,71.42716,2517.327332839608,103122.0932651439,40.964912238417405,155,,,,39.964912238417405,True,0,-1,-0.007830559652855729,True
-8158157705937013190,51.0845198,71.4266089,51.0931945,71.4152265,1249.9667222922317,514587.5571595771,411.6810055678194,791,,,,410.6810055678194,True,0,-1,-0.004448157512421447,True
-8133852171419056023,51.0974417,71.40549,51.0897721,71.4092774,892.8950142296295,1083730.8967626318,1213.7271230007386,1559,,,,1212.7271230007386,True,0,-1,-0.17211689671263186,True
-8132009309973206700,51.0893282,71.4026558,51.0817862,71.399878,860.7840683227414,1065825.3196484456,1238.2028883564633,1063,,,,1237.2028883564633,True,0,-1,-0.1326459321666642,True
-8125861561360590357,51.0985,71.40565,51.07957,71.42284,2423.246911809312,70488.17052381276,29.08831542518419,92,,,,28.08831542518419,True,0,-1,-0.0053378535671169125,True
-7953974992492323433,51.08893,71.42639,51.08893,71.42639,0.0,272724.02471324743,,790,,,,0.0,False,0,-1,-0.1302568759591175,True
-7864959320562053691,51.0902165,71.4042218,51.0899918,71.4045684,34.78869040755548,616512.0461245199,17721.6227142205,994,,,,17720.6227142205,True,0,-1,-0.09089383928347294,True
-7789453642740287330,51.0968029,71.4111804,51.1012003,71.4104114,491.9082169701082,881500.3756198075,1792.0017296100048,1937,,,,1791.0017296100048,True,0,-1,-0.17112697711844616,True
-7747289256296864945,51.0964717,71.4202,51.0976426,71.4122276,571.7405364559469,733162.1617920954,1282.333707413426,966,,,,1281.333707413426,True,0,-1,-0.08423316491277344,True
-7701017771334945096,51.0877542,71.4296095,51.0871117,71.4274167,169.00015535898189,159954.7448375928,946.4769100230986,3025,,,,945.4769100230986,True,0,-1,-0.10940101075811925,True
-7681971899824766110,51.10023,71.41719,51.10023,71.41719,0.0,38658.070806240845,,119,,,,0.0,False,0,-1,-0.03247295169923481,True
-7656800936050215615,51.0881715,71.4264641,51.0888871,71.4261276,82.9693932325196,305366.2935043369,3680.469165883324,2494,,,,3679.469165883324,True,0,-1,-0.10633675799566289,True
-7634469421914986457,51.0881506,71.4341443,51.0963791,71.4214872,1272.2132969261445,538161.6304566094,423.0121094920856,1050,,,,422.0121094920856,True,0,-1,-0.05385080490806571,True
-7495889935775870007,51.08961,71.4115183,51.08961,71.4115183,0.0,11548.918212378392,,120,,,,0.0,False,0,-1,-0.018847401268023978,True
-7447268724309199829,51.0927421,71.4082851,51.0880374,71.3984973,860.794223673009,514235.6258170033,597.3966967654126,961,,,,596.3966967654126,True,0,-1,-0.03415456748600343,True
-7378893823617506891,51.0885807,71.4022098,51.0943962,71.4352921,2399.2279415196167,28299.652099355677,11.795316155509306,33,,,,10.795316155509306,True,0,-1,-0.04223670590245454,True
-7373211291775165941,51.09859,71.40458,51.09859,71.40458,0.0,66750.13328399949,,88,,,,0.0,False,0,-1,-0.03453930076870049,True
-7293269146097509546,51.07784,71.42361,51.09914,71.40607,2666.520639497984,103066.39866987248,38.65201609287991,162,,,,37.65201609287991,True,0,-1,-0.029119448925525426,True
-7271657688553006015,51.0835323,71.4315699,51.0842071,71.4316058,75.07622730794289,1046609.9598921489,13940.630708562789,1451,,,,13939.630708562789,True,0,-1,-0.17283840974168108,True
-7224668732606633504,51.09873,71.42803,51.07594,71.41985,2597.7396524248925,45138.69966955861,17.376144536818128,70,,,,16.376144536818128,True,0,-1,-0.03063891979808453,True
-7220944769657035245,51.0834109,71.4211045,51.0863157,71.4197904,335.78795458860816,28650.47979620832,85.32313147238875,1156,,,,84.32313147238875,True,0,-1,-0.01949019838122068,True
-7217890787588318499,51.08894,71.43425,51.08236,71.40012,2493.664762936168,75310.54243821176,30.200748535876684,107,,,,29.200748535876684,True,0,-1,-0.014705574933864263,True
-7178948726594444721,51.0949125,71.4321201,51.0898586,71.4054021,1948.7148926672437,472965.1770429412,242.7061951559187,746,,,,241.7061951559187,True,0,-1,-0.029705714765000835,True
-7171874634618681026,51.0789151,71.4049658,51.0977865,71.4277566,2633.841468181059,106652.90954020892,40.49329119791854,110,,,,39.49329119791854,True,0,-1,-0.017127847725075807,True
-7132062563385479307,51.07759,71.42061,51.09996,71.42745,2532.8905337194847,365380.6276061576,144.25440923797268,662,,,,143.25440923797268,True,0,-1,-0.03561935848426134,True
-7078077122498809560,51.09515,71.43028,51.09779,71.40567,1743.4480384909943,534059.5920763286,306.3237792498668,961,,,,305.3237792498668,True,0,-1,-0.05524648423361611,True
-6972639052345521610,51.0774318,71.42651,51.1007212,71.4220769,2608.106538626574,98787.64070961246,37.87714928303271,221,,,,36.87714928303271,True,0,-1,-0.03526807563510792,True
-6957906627659268440,51.0854246,71.4252365,51.0882015,71.4299338,450.5391430679827,259805.88096716464,576.6555136541422,1081,,,,575.6555136541422,True,0,-1,-0.016320905843800748,True
-6888912858319388507,51.0945,71.40771,51.10051,71.41802,982.3061595216748,662760.0198632202,674.6980189821321,3427,,,,673.6980189821321,True,0,-1,-0.15722416683485063,True
-6872969234077837168,51.07918,71.42376,51.10097,71.42069,2432.405955005619,89539.71374219282,36.81117190078002,173,,,,35.81117190078002,True,0,-1,-0.009330119475924659,True
-6865325493527267957,51.0775246,71.4257382,51.0985804,71.4055339,2733.685903887565,29853.827816238238,10.920723472211352,27,,,,9.920723472211352,True,0,-1,-0.06226955956034175,True
-6703635404162911219,51.09792,71.42783,51.0784,71.42782,2170.525080475753,12559.031845454883,5.7861721840606855,27,,,,4.7861721840606855,True,0,-1,-0.04218757223410141,True
-6686234031465514632,51.0767052,71.420314,51.0904419,71.4086902,1729.8400630588997,10238.861564900326,5.918964292453031,28,,,,4.918964292453031,True,0,-1,-0.0113635425107812,True
-6683155579225977143,51.0887817,71.4174617,51.0894172,71.4149129,191.52775953669044,1198544.51566148,6257.810975081543,4421,,,,6256.810975081543,True,0,-1,-0.21636542977319062,True
-6644879642673195838,51.09532,71.4206,51.09532,71.4206,0.0,22039.961542674493,,95,,,,0.0,False,0,-1,-0.011752751576245002,True
-6576337631689429896,51.09249,71.42776,51.0915,71.41253,1069.3201983769864,506114.4646794469,473.30487673161616,946,,,,472.30487673161616,True,0,-1,-0.034488494181837526,True
-6518265200444262356,51.0988,71.40342,51.09169,71.43533,2364.476390413255,43818.4071099705,18.53197066700762,83,,,,17.53197066700762,True,0,-1,-0.016859837136369293,True
-6507756865802121847,51.08781,71.4034,51.08781,71.4034,0.0,7567.842951342194,,185,,,,0.0,False,0,-1,-0.04330819445433298,True
-6479711504259141508,51.0943584,71.4263884,51.0951109,71.4267751,87.92402301928416,441069.5148557167,5016.48468427085,643,,,,5015.48468427085,True,0,-1,-0.002068915845632735,True
-6465998762884681016,51.08841,71.42795,51.08902,71.39952,1986.8045685866,1986.8045685866,1.0,4,,,,0.0,False,0,-1,-0.04072026146185592,True
-6413973132019047263,51.088465,71.4023036,51.0896017,71.410475,584.5427707100473,446291.1230786039,763.4875417867055,951,,,,762.4875417867055,True,0,-1,-0.021269495404360184,True
-6413774254479819080,51.0817958,71.4044195,51.0845506,71.414392,760.9718443146484,591793.2716225266,777.6809037599958,709,,,,776.6809037599958,True,0,-1,-0.019731895290235335,True
-6112658108975550355,51.0907361,71.4283711,51.0880688,71.4303755,327.96875331534,471997.0276033393,1439.1524278824115,844,,,,1438.1524278824115,True,0,-1,-0.01365492525307932,True
-6097003537788373764,51.0934921,71.4066965,51.1012934,71.4177522,1161.2552722968885,240965.87781630375,207.50465773101612,1358,,,,206.50465773101612,True,0,-1,-0.051577634333086486,True
-6094692585886273432,51.08552,71.40131,51.09674,71.43111,2426.52281417489,97146.96986302902,40.03546527381928,161,,,,39.03546527381928,True,0,-1,-0.006238121962833909,True
-5954099694270656748,51.0962533,71.4225017,51.0962533,71.4225017,0.0,44224.04887118158,,91,,,,0.0,False,0,-1,-0.02263461102987463,True
-5916155116680965392,51.07769,71.42673,51.07769,71.42673,0.0,79604.78228901842,,111,,,,0.0,False,0,-1,-0.049831740251654044,True
-5760247677230954046,51.08438,71.42811,51.09638,71.40688,1994.723578784555,10044.006843187162,5.035287570675471,24,,,,4.035287570675471,True,0,-1,-0.02783973223464442,True
-5721597010517152167,51.0825,71.39905,51.10147,71.41634,2430.535599369281,317957.0538901874,130.81769054223955,532,,,,129.81769054223955,True,0,-1,-2.9276586058890608e-05,True
-5697567701546767952,51.0964188,71.4200071,51.0824767,71.3996166,2105.116204510674,527926.8051074526,250.78273777773092,716,,,,249.78273777773092,True,0,-1,-0.05559795858822214,True
-5595918467913173506,51.086245,71.4331737,51.0843748,71.4066514,1864.1781517138625,1325646.0104685868,711.1155171783516,2430,,,,710.1155171783516,True,0,-1,-0.19894974890661643,True
-5513394963376736833,51.0846348,71.4230784,51.0911552,71.409189,1211.1024691951363,541099.8734716896,446.7829000722697,915,,,,445.7829000722697,True,0,-1,-0.03923562602809905,True
-5467349416504632491,51.0976925,71.4114186,51.0783483,71.4283479,2454.549032832695,363208.5262479462,147.97362830791857,430,,,,146.97362830791857,True,0,-1,-0.00551648287378026,True
-5448415338490365188,51.0860736,71.4234214,51.0905127,71.420606,531.3314323721445,525583.8611479253,989.1827005254348,676,,,,988.1827005254348,True,0,-1,-0.011329271285797748,True
-5366228998988183297,51.0851461,71.4070041,51.0879068,71.4094474,351.2232131750092,486755.9527093993,1385.8877615439849,657,,,,1384.8877615439849,True,0,-1,-0.0022291534031174676,True
-5331910341585342156,51.09939,71.40608,51.07764,71.42047,2619.0108667914683,60380.281434157965,23.054612792855423,65,,,,22.054612792855423,True,0,-1,-0.03001975570952431,True
-5204766499482570743,51.08793,71.43443,51.08793,71.43443,0.0,88312.85949050894,,250,,,,0.0,False,0,-1,-0.0805641892638218,True
-5195552225835815838,51.09699,71.41104,51.09699,71.41104,0.0,223960.2681512863,,601,,,,0.0,False,0,-1,-0.1108900363061468,True
-4954844786265759369,51.10075,71.4066,51.08649,71.42938,2246.1294077905904,18378.40498062021,8.182255624665082,23,,,,7.182255624665082,True,0,-1,-0.04401194814325571,True
-4776652875715645835,51.0771633,71.4203483,51.0896092,71.4026464,1855.8489599207355,572903.6624277723,308.70166419806134,650,,,,307.70166419806134,True,0,-1,-0.03274771689155909,True
-4676204410789968273,51.09854,71.42791,51.07613,71.42007,2551.335003838198,88155.7251347544,34.55278315161826,138,,,,33.55278315161826,True,0,-1,-0.02178458033779196,True
-4628385530579427725,51.0775727,71.4206198,51.0878133,71.4031083,1671.201272173154,506583.920547818,303.12561926731865,978,,,,302.12561926731865,True,0,-1,-0.05358173630051266,True
-4571457392312677326,51.1007,71.4234,51.08739,71.42804,1515.0618579694897,496167.8275394532,327.49014499277627,829,,,,326.49014499277627,True,0,-1,-0.01602245497343735,True
-4534191178954172144,51.0904801,71.40921,51.0953706,71.42823,1435.303745246443,634754.046474671,442.24370526231934,1128,,,,441.24370526231934,True,0,-1,-0.08560601128053957,True
-4451363764504728201,51.09781,71.41702,51.09781,71.41702,0.0,83877.04102813356,,174,,,,0.0,False,0,-1,-0.0686268032941213,True
-4446652943258135624,51.09039,71.42661,51.1006,71.41242,1506.934777474162,479629.6117574527,318.2815997925142,1118,,,,317.2815997925142,True,0,-1,-0.05776951936097385,True
-4352910967565904171,51.0986551,71.4280526,51.0824391,71.4007627,2623.7224432856287,72374.48428578918,27.584657238040865,86,,,,26.584657238040865,True,0,-1,-0.02101039209231681,True
-4220140493360457748,51.1014383,71.4081443,51.0820879,71.4320026,2721.397187851936,32100.91721102305,11.795748652316744,38,,,,10.795748652316744,True,0,-1,-0.06066785663763752,True
-4215783343388927583,51.0958018,71.423491,51.0896607,71.4111982,1096.9556092965774,1639522.8334746934,1494.6118325845812,2908,,,,1493.6118325845812,True,0,-1,-0.20281138234649387,True
-4159094440281962734,51.0953373,71.4100188,51.095366,71.410061,4.343842855927483,687798.1903306587,158338.6446386082,5909,,,,158337.6446386082,True,0,-1,-0.18457250436057826,True
-4141519779359822685,51.0975749,71.430448,51.0975829,71.4304101,2.7920552349541987,621676.7299181194,222659.1802824121,3000,,,,222658.1802824121,True,0,-1,-0.1704208691460345,True
-4098417377275428113,51.08846,71.39629,51.08846,71.39629,0.0,187396.42420354008,,1925,,,,0.0,False,0,-1,-0.17800745276321617,True
-3979307168439655451,51.0784026,71.4204664,51.0937268,71.4135504,1771.1228307268389,10208.837616108873,5.764048342101343,10,,,,4.764048342101343,True,0,-1,-0.020614035275755227,True
-3971912834684412728,51.0864022,71.4174778,51.08615,71.4123633,358.3316799663859,576458.3892172439,1608.7285089370828,796,,,,1607.7285089370828,True,0,-1,-0.04273248174912636,True
-3944823958104003920,51.08913,71.42459,51.0936,71.42583,504.5292585943562,9586.055913292768,19.0,875,,,,18.0,True,0,-1,-0.06060931772867195,True
-3917473082440871554,51.09046,71.40902,51.08661,71.41815,768.0468205772975,469221.4947533805,610.928243151496,1029,,,,609.928243151496,True,0,-1,-0.038021044314639374,True
-3915663658499810939,51.08232,71.40153,51.08232,71.40153,0.0,37768.32073043744,,74,,,,0.0,False,0,-1,-0.012152367600740899,True
-3764627173625643095,51.095045,71.430805,51.095045,71.430805,0.0,80237.85663779688,,147,,,,0.0,False,0,-1,-0.06261190843858377,True
-3755840897867836709,51.0900494,71.4113323,51.0854581,71.4119568,512.3891771734199,487231.39598351327,950.901029313912,749,,,,949.901029313912,True,0,-1,-0.003893083132846642,True
-3700693853959271454,51.09094,71.41089,51.09508,71.43081,1465.3390480994524,4396.017144298357,3.0,6,,,,2.0,False,0,-1,-0.012414635926373041,True
-3616718179374437658,51.0987717,71.406038,51.0949577,71.4341694,2009.702114372808,559559.9690504881,278.4293080296215,1036,,,,277.4293080296215,True,0,-1,-0.09423603002384795,True
-3549232312892210793,51.1000833,71.4265291,51.0896535,71.4113829,1569.6406095945867,595341.5757054614,379.2852784684442,1010,,,,378.2852784684442,True,0,-1,-0.07303016214538771,True
-3473800951379455524,51.1003422,71.428624,51.0767002,71.4202991,2692.402991679586,15886.22566517165,5.900389248662005,22,,,,4.900389248662005,True,0,-1,-0.08355084816262492,True
-3396926221007473657,51.0820235,71.3999802,51.1000378,71.4275127,2776.6557345333044,102503.59659883728,36.91620654444074,169,,,,35.91620654444074,True,0,-1,-0.04123898556562133,True
-3316833980192089617,51.0798892,71.4180414,51.0998362,71.4296836,2362.349467630865,57321.7303552677,24.26471237244761,58,,,,23.26471237244761,True,0,-1,-0.00468766956839195,True
-3298271434171366453,51.09416,71.42469,51.09423,71.42475,8.83980216320002,227253.1174227201,25707.941561042157,1314,,,,25706.941561042157,True,0,-1,-0.06836629606381517,True
-3291092986164804561,51.08917,71.40529,51.08917,71.40529,0.0,322217.9395837866,,785,,,,0.0,False,0,-1,-0.129155848353824,True
-3237409122616636937,51.08736,71.42416,51.09848,71.40674,1734.6241705434438,1004255.2225181096,578.9468632870971,1593,,,,577.9468632870971,True,0,-1,-0.17322942452454704,True
-3204538068345981088,51.09653,71.4169,51.09653,71.4169,0.0,58027.65933388095,,120,,,,0.0,False,0,-1,-0.04346512914153566,True
-3198431988260833419,51.09326,71.42392,51.09326,71.42392,0.0,21984.79073796949,,179,,,,0.0,False,0,-1,-0.04953500646374498,True
-3160415392551511511,51.08502,71.4271,51.08502,71.4271,0.0,36144.933804024426,,122,,,,0.0,False,0,-1,-0.03291580576833264,True
-3148307966445793109,51.0851797,71.4105483,51.0865376,71.4146182,321.8844508152937,687981.6543432449,2137.355975415004,902,,,,2136.355975415004,True,0,-1,-0.07801371629290832,True
-3147094331902554926,51.09986,71.42921,51.10075,71.40554,1655.737925872905,8670.712597395002,5.236766315432319,12,,,,4.236766315432319,True,0,-1,-0.010925106101060678,True
-3133695798465305670,51.0761219,71.4115036,51.0946542,71.4301351,2437.224832739269,372737.7396498121,152.93531177051116,512,,,,151.93531177051116,True,0,-1,-0.009605933360827823,True
-3106595190592754824,51.09684,71.42681,51.07624,71.41983,2341.9232093802443,73294.7496649583,31.29682022509811,160,,,,30.29682022509811,True,0,-1,-0.008995259201331485,True
-2976277422760847780,51.0821156,71.4022221,51.0999983,71.4285855,2709.9939594073894,121793.08228555247,44.94219696053703,114,,,,43.94219696053703,True,0,-1,-0.020931583775736007,True
-2869389975659261634,51.09669,71.40534,51.09669,71.40534,0.0,136626.7341902845,,212,,,,0.0,False,0,-1,-0.08055731433654867,True
-2834835866284082756,51.09831,71.42776,51.07819,71.42032,2296.7970898764074,48523.08291326096,21.126412571287272,65,,,,20.126412571287272,True,0,-1,-0.0026022736546528202,True
-2753910360200917581,51.0993508,71.4025622,51.0795101,71.4203371,2531.486637824487,371859.5941850911,146.89376140837953,433,,,,145.89376140837953,True,0,-1,-0.013716722699169126,True
-2581737724187310988,51.0999,71.42862,51.07807,71.42065,2490.3928184084543,41095.181391825536,16.501485664453693,68,,,,15.501485664453693,True,0,-1,-0.030057671987472667,True
-2550520152168730457,51.0944058,71.4070196,51.0896329,71.4106244,587.4060394546553,397138.6611376437,676.088828617331,917,,,,675.088828617331,True,0,-1,-0.005345596318005685,True
-2395656024081365533,51.08707,71.43008,51.08707,71.43008,0.0,24056.976610990147,,190,,,,0.0,False,0,-1,-0.05215015239107468,True
-2308564750348953041,51.07724,71.42051,51.09801,71.40584,2526.605394069098,109599.61727850212,43.37820917178996,172,,,,42.37820917178996,True,0,-1,-0.004531509980985837,True
-2282958326277738893,51.09332,71.42989,51.09332,71.42989,0.0,74071.59747237674,,114,,,,0.0,False,0,-1,-0.04938242048893049,True
-2205502178978074469,51.0913667,71.4242717,51.0895533,71.4106067,975.4422295073516,504689.6996268695,517.3957866082584,854,,,,516.3957866082584,True,0,-1,-0.011169728971163528,True
-2071651256083716950,51.0778662,71.4208212,51.0784559,71.4252682,317.5089175349247,302238.6806898369,951.9061166418794,1200,,,,950.9061166418794,True,0,-1,-0.040026106279674845,True
-2037967701103142139,51.0963206,71.409044,51.0961425,71.4088256,24.99587065712105,406757.7556764311,16272.998098609954,1070,,,,16271.998098609954,True,0,-1,-0.05986048550641632,True
-2034244565159963286,51.094,71.42634,51.09822,71.41731,786.0187914741286,519670.6541052146,661.1427865873347,1131,,,,660.1427865873347,True,0,-1,-0.060022821033730245,True
-1985982858584240788,51.0774,71.42656,51.09809,71.42781,2302.279018025273,23601.11203152169,10.251195379335474,29,,,,9.251195379335474,True,0,-1,-0.03838769591505986,True
-1940240240934484375,51.0984299,71.405801,51.0879701,71.4112486,1223.7170033283537,510277.8371956574,416.9900686251535,804,,,,415.9900686251535,True,0,-1,-0.007933716441315464,True
-1852990880493497059,51.07896,71.421,51.09705,71.40545,2285.994062239266,59502.46249196217,26.02914131529983,122,,,,25.02914131529983,True,0,-1,-0.00019079534222543604,True
-1748108334096322536,51.0942486,71.4239215,51.0963482,71.420753,321.6597522065073,731271.6796556549,2273.432329159337,1009,,,,2272.432329159337,True,0,-1,-0.09802972322057579,True
-1658903206038065141,51.0990028,71.4035035,51.0941452,71.4356686,2310.169051814379,89978.88086282591,38.94904608481253,274,,,,37.94904608481253,True,0,-1,-0.005576572961419002,True
-1632704631804513291,51.0782126,71.4287522,51.0973058,71.4311954,2129.9138524290665,7318.6236451919585,3.4361125154641408,13,,,,2.4361125154641408,True,0,-1,-0.050106117282556206,True
-1603799548145067601,51.0961098,71.4224651,51.0950633,71.4299767,537.309353578508,478891.3835980248,891.276841559864,789,,,,890.276841559864,True,0,-1,-0.0031369014693566344,True
-1560365758401030046,51.0817554,71.4060508,51.086792,71.4135918,768.8328499243737,768592.9127189007,999.687920195532,1008,,,,998.687920195532,True,0,-1,-0.09362302281265478,True
-1497322719701473200,51.10087,71.41263,51.09997,71.42773,1059.1063294012918,645867.5238100128,609.8231177365534,1422,,,,608.8231177365534,True,0,-1,-0.112540172579917,True
-1385873607993194073,51.0951947,71.4234452,51.0953243,71.4234081,14.64190268534294,177772.9864737485,12141.385603641902,1537,,,,12140.385603641902,True,0,-1,-0.0854653542021725,True
-1368678048795191679,51.0916465,71.4271656,51.0844057,71.4154387,1148.5238617218463,559896.5326744606,487.49229453106335,687,,,,486.49229453106335,True,0,-1,-0.0023989006539819613,True
-1282787204946883040,51.0959918,71.4272129,51.0953876,71.4248294,179.49409306848324,254312.11951869383,1416.8272346525907,1323,,,,1415.8272346525907,True,0,-1,-0.06779027742755983,True
-1261287958123392784,51.0782066,71.4207447,51.1014805,71.4128923,2645.4112787359813,301499.6289800125,113.97079592254318,344,,,,112.97079592254318,True,0,-1,-0.0015389877816011088,True
-1186713624536991904,51.0989467,71.42749,51.0874344,71.4286206,1282.5420871353642,556931.340944979,434.2402066422,988,,,,433.2402066422,True,0,-1,-0.04906590231357655,True
-1171505460693699798,51.0824311,71.4006507,51.0894511,71.4371871,2668.6902468587487,68057.11153707038,25.50206477397621,107,,,,24.50206477397621,True,0,-1,-0.026656745789506275,True
-1167793641114800051,51.09336,71.42396,51.09336,71.42396,0.0,218053.204377121,,457,,,,0.0,False,0,-1,-0.10085668803838843,True
-1133026454087232526,51.09808,71.40828,51.0951,71.40563,379.53231670884406,544908.0337731028,1435.735534982455,1611,,,,1434.735534982455,True,0,-1,-0.1106235785854911,True
-1069877515168459380,51.0873572,71.4194673,51.086102,71.4176763,187.42736827726657,689615.683225726,3679.375587270468,996,,,,3678.375587270468,True,0,-1,-0.09592189053379263,True
-997925588953600372,51.0964206,71.4271078,51.080818,71.4215005,1778.583342499022,546304.319000071,307.15699733951124,671,,,,306.15699733951124,True,0,-1,-0.024606070614292874,True
-982474175833893556,51.1003428,71.428571,51.0862638,71.4236868,1602.241537165416,6477.2372599899945,4.042609749993819,8,,,,3.0426097499938187,True,0,-1,-0.02024385129244799,True
-964411177037746185,51.0977683,71.4131083,51.0922814,71.4139372,612.8552491000075,509603.4413938724,831.523336289013,831,,,,830.523336289013,True,0,-1,-0.018681822700864492,True
-963632168999803110,51.09833,71.41241,51.09833,71.41241,0.0,48357.96840626163,,336,,,,0.0,False,0,-1,-0.08876151620127382,True
-933805051639976294,51.0815292,71.3998015,51.095481,71.4337176,2831.6209923982515,327860.96910684195,115.78561184106738,443,,,,114.78561184106738,True,0,-1,-0.019927502452135704,True
-800776179044516902,51.08536,71.43374,51.09896,71.40235,2663.2177701366336,108948.56237409735,40.90861948871266,167,,,,39.90861948871266,True,0,-1,-0.02005991779037153,True
-705010862779289088,51.0868244,71.4101379,51.0866622,71.4113265,84.95588341715182,357822.2904367364,4211.860038930456,995,,,,4210.860038930456,True,0,-1,-0.03511557225845441,True
-666028707140388811,51.08707,71.40863,51.08861,71.41049,214.94206700226263,197764.5302832711,920.082946262861,931,,,,919.082946262861,True,0,-1,-0.0005741574381016301,True
-559707889456615774,51.09969,71.42979,51.07851,71.42737,2361.165782789233,44643.5894593744,18.907435379923704,59,,,,17.907435379923704,True,0,-1,-0.016851186535984386,True
-536828238659606611,51.0831183,71.4225717,51.0898946,71.4113531,1087.0824331575432,563067.6061009399,517.962197646274,786,,,,516.962197646274,True,0,-1,-0.01855712697654066,True
-399994843572876234,51.09527,71.40682,51.09527,71.40682,0.0,14358.546630454815,,142,,,,0.0,False,0,-1,-0.03202907123446608,True
-385108708012698561,51.0821282,71.3999336,51.0964467,71.4082994,1695.9708277958275,11941.902393260416,7.041337148930055,18,,,,6.041337148930055,True,0,-1,-0.0071033017384966035,True
-294888796883608832,51.0981242,71.4088033,51.0944996,71.4345783,1844.48873662564,3325.015326930481,1.802675863997608,12,,,,0.8026758639976077,False,0,-1,-0.030885436514393794,True
-163702367191974347,51.09063,71.42532,51.08197,71.40295,1835.3757763568613,10003.303527972896,5.450275445952002,19,,,,4.450275445952002,True,0,-1,-0.019512963360011404,True
-158690536457735002,51.09348,71.41226,51.09348,71.41226,0.0,81621.13931683819,,194,,,,0.0,False,0,-1,-0.07097296598407998,True
-148870741975769496,51.09607,71.42686,51.07953,71.41873,1924.8283390542551,632762.1224047702,328.73691100977425,1204,,,,327.73691100977425,True,0,-1,-0.11408506134494067,True
-63858497332461733,51.10144,71.41574,51.10144,71.41574,0.0,84251.46193397234,,140,,,,0.0,False,0,-1,-0.06132089947695274,True
-35117493030654227,51.0936885,71.4098112,51.0921015,71.4094376,178.3847486837752,949666.6610316306,5323.698735675639,1265,,,,5322.698735675639,True,0,-1,-0.15600018481094757,True
100903391621993930,51.096025,71.4239733,51.096025,71.4239733,0.0,135637.9923016628,,180,,,,0.0,False,0,-1,-0.07755394030873064,True
107371413877198377,51.08934,71.40767,51.08959,71.41066,210.67035385653352,553037.8866325947,2625.1338952476126,1171,,,,2624.1338952476126,True,0,-1,-0.08448334979729089,True
199646540153951948,51.0947212,71.4228998,51.0946791,71.4229191,4.8714679996727135,115934.73818130646,23798.72723973461,1146,,,,23797.72723973461,True,0,-1,-0.03745141195658108,True
223380726455140955,51.09388,71.42086,51.09384,71.42093,6.6091027065753245,156242.46260851083,23640.49547195974,1688,,,,23639.49547195974,True,0,-1,-0.08738222724390798,True
250212567991107660,51.0897737,71.411444,51.0869314,71.4189994,615.10403249216,760857.9645316033,1236.9581799828325,1017,,,,1235.9581799828325,True,0,-1,-0.09515656116643534,True
261697161697497311,51.099813,71.4294457,51.0894482,71.4112877,1713.5477236377717,499148.0689862994,291.2951078634882,763,,,,290.2951078634882,True,0,-1,-0.013915666076698141,True
266693263817822199,51.1008579,71.4211966,51.0947845,71.4267642,779.2462677548978,582818.7018917084,747.92620254811,653,,,,746.92620254811,True,0,-1,-0.012083635720916641,True
529391487637059404,51.0858523,71.4053979,51.0896024,71.4112793,585.3435642958233,649821.2472420892,1110.153569423512,786,,,,1109.153569423512,True,0,-1,-0.05536603263613116,True
631291889237150875,51.0995813,71.4253755,51.092718,71.4145989,1071.800016434879,513710.3504379322,479.2968301555765,861,,,,478.2968301555765,True,0,-1,-0.017260727432961476,True
642984037213382102,51.0863444,71.4169324,51.0983037,71.4076419,1479.6563687609053,598308.6889195832,404.356512465539,854,,,,403.356512465539,True,0,-1,-0.04985529432171565,True
667746165863940627,51.0775318,71.4204359,51.0993121,71.4220375,2424.440844152668,359786.0408772112,148.3995956201418,579,,,,147.3995956201418,True,0,-1,-0.015190393188175833,True
677179956961200744,51.0823183,71.401575,51.0803655,71.4052202,334.6470685527431,645001.4860505494,1927.4081462598915,802,,,,1926.4081462598915,True,0,-1,-0.059730824000652105,True
722830971961249824,51.0917059,71.4034342,51.0896279,71.4090152,453.1203194759129,877390.3486700316,1936.3297361831776,1405,,,,1935.3297361831776,True,0,-1,-0.15214207189448747,True
744909474651321037,51.0999088,71.4061047,51.0813576,71.399695,2110.8143554314306,413910.1009561869,196.0902435077421,713,,,,195.0902435077421,True,0,-1,-0.02748190672115225,True
774923853084574183,51.0852696,71.4010764,51.0841789,71.4168427,1107.9242603694374,744667.6009329285,672.128617063245,899,,,,671.128617063245,True,0,-1,-0.0775840400020853,True
885850519040846964,51.0965537,71.4170154,51.0934333,71.413496,425.1994126675223,473446.1056264348,1113.4683904105912,1167,,,,1112.4683904105912,True,0,-1,-0.0611819002184788,True
953949036741989871,51.0887512,71.4084783,51.0890008,71.4084426,27.866030142882604,167365.95143130713,6006.092384639685,3659,,,,6005.092384639685,True,0,-1,-0.11761594932120711,True
957276880217522361,51.07812,71.42073,51.09896,71.406,2535.4115702959857,89309.35898616072,35.22479743820632,168,,,,34.22479743820632,True,0,-1,-0.020459440412139984,True
970435246035464620,51.0906578,71.42916,51.0887297,71.4276717,238.26432591479175,385551.7293608616,1618.1680907562418,1116,,,,1617.1680907562418,True,0,-1,-0.045482503505921756,True
1044351542076200219,51.10199,71.40966,51.08147,71.39975,2384.376538082757,327436.038497638,137.3256418472078,701,,,,136.3256418472078,True,0,-1,-0.035164253086664155,True
1055598284863483292,51.0955045,71.4265425,51.0864175,71.4124572,1410.199977918308,1322439.875362772,937.7676188273066,1758,,,,936.7676188273066,True,0,-1,-0.17824548543101504,True
1089743446327408267,51.07999,71.41786,51.10001,71.42772,2330.201920383841,435651.4478899286,186.958668293504,720,,,,185.958668293504,True,0,-1,-0.04825583174851611,True
1140566610944661490,51.1011516,71.40681,51.0817347,71.3998043,2213.8046805747963,26360.6740572319,11.907407319415173,43,,,,10.907407319415173,True,0,-1,-0.014614793142619154,True
1309063057025942358,51.0964983,71.4332333,51.0898132,71.4097836,1798.4604615752792,1010365.8113369856,561.7948422685934,1543,,,,560.7948422685934,True,0,-1,-0.17189706273102578,True
1474188905874745683,51.0980362,71.4100613,51.0964132,71.4102667,181.0384461328715,502244.172812504,2774.2404088239164,771,,,,2773.2404088239164,True,0,-1,-0.024032817572225085,True
1474582003077886633,51.0906321,71.4253523,51.0895518,71.4026205,1592.1557476851406,603836.8754697742,379.2574164604825,791,,,,378.2574164604825,True,0,-1,-0.04627172527134127,True
1504361180410846744,51.09542,71.43463,51.09104,71.42553,800.6734340705322,518513.2628765986,647.5964367151992,1045,,,,646.5964367151992,True,0,-1,-0.05014681094666262,True
1541293291559276484,51.07886124122437,71.42096583259313,51.09769264013046,71.40589473500692,2343.645245780345,72197.47657524465,30.805633534014497,147,,,,29.805633534014497,True,0,-1,-0.00834103385401852,True
1547735817558524507,51.0836373,71.4225685,51.0785536,71.4210102,575.667190376248,628596.8126144141,1091.9448304906384,654,,,,1090.9448304906384,True,0,-1,-0.04156072797533328,True
1547828326361696842,51.09668,71.41044,51.09668,71.41044,0.0,73287.91770846333,,234,,,,0.0,False,0,-1,-0.0767503532258691,True
1558107876843779410,51.08937,71.4284867,51.100485,71.4222167,1311.2007554774573,3958.5218598481456,3.0190051701172944,4,,,,2.0190051701172944,True,0,-1,-0.009948024727222782,True
1589926653024603575,51.0810744,71.3996376,51.1012233,71.406839,2296.212693011638,25386.171878345715,11.055670912196744,54,,,,10.055670912196744,True,0,-1,-0.025805352595640096,True
1602480371681580381,51.0977096,71.4108233,51.0976633,71.4114301,42.68434013786009,441477.8384672303,10342.852602180654,511,,,,10341.852602180654,True,0,-1,-0.00098980616712796,True
1649480289441259337,51.088972,71.4247338,51.0829955,71.4223508,685.0837619448052,420015.2879101058,613.0860359582496,930,,,,612.0860359582496,True,0,-1,-0.009378355047832465,True
1746376276370756116,51.0775,71.42007,51.09955,71.40616,2637.3130222333266,76919.23042940331,29.165756882460105,98,,,,28.165756882460105,True,0,-1,-0.023730151505202524,True
1850953415367734462,51.09168,71.4131933,51.09168,71.4131933,0.0,73995.92644487944,,141,,,,0.0,False,0,-1,-0.05505263630744517,True
1895420563739711123,51.0987,71.40325,51.09446,71.43508,2272.187207810513,33565.49560197171,14.77232839204104,63,,,,13.77232839204104,True,0,-1,-0.011293285522143925,True
1950057795635658181,51.0790599,71.4245151,51.0958227,71.4087665,2164.2988619145126,491987.82308864046,227.3197254529968,666,,,,226.3197254529968,True,0,-1,-0.04502460941105835,True
1978723033586126072,51.0819892,71.4071977,51.0967153,71.4187035,1824.0233304691435,558568.1755415928,306.2286354626438,790,,,,305.2286354626438,True,0,-1,-0.04128809832518887,True
2044261294507204559,51.09718,71.42074,51.09718,71.42074,0.0,36925.78473546516,,125,,,,0.0,False,0,-1,-0.035396437910611867,True
2245325649542715097,51.08217,71.40002,51.0961,71.42711,2445.2082969858147,37523.67286372408,15.345798110524637,51,,,,14.345798110524637,True,0,-1,-0.034946055799058295,True
2288622951902696270,51.09562,71.40977,51.09562,71.40977,0.0,107853.0976914466,,340,,,,0.0,False,0,-1,-0.09320319246073816,True
2290033501005988645,51.0820481,71.4026866,51.081605,71.406742,287.5376753201284,510685.5045947071,1776.0646636171707,629,,,,1775.0646636171707,True,0,-1,-0.009141715953163598,True
2302295887934790545,51.082658,71.3981817,51.0899531,71.4074803,1039.1502059696854,876764.8481818789,843.7325452519386,1538,,,,842.7325452519386,True,0,-1,-0.15206239740058625,True
2365182969580673675,51.0821671,71.4017963,51.0812413,71.4095698,552.6815653215979,979337.895148862,1771.9749609868002,1275,,,,1770.9749609868002,True,0,-1,-0.14811158607542874,True
2458522007878047012,51.09202,71.43551,51.09905,71.40209,2461.2544554320307,83909.3414238462,34.09210341444252,154,,,,33.09210341444252,True,0,-1,-0.014162848162571517,True
2522373252672010615,51.0792767,71.4227267,51.0968332,71.4337222,2097.81878022229,497778.7535782114,237.28396288141988,546,,,,236.28396288141988,True,0,-1,-0.024076863312927133,True
2554397387149860613,51.10095,71.40669,51.08315,71.40036,2028.0385013525668,2634.09336406017,1.298837947259584,10,,,,0.2988379472595839,False,0,-1,-0.04070098302624825,True
2560108057708850877,51.0909368,71.4033205,51.099386,71.4082767,1001.2328875717576,659576.5252063996,658.7643428354008,1063,,,,657.7643428354008,True,0,-1,-0.07950578686362142,True
2564812888473547046,51.0880816,71.4292393,51.0882332,71.4288427,32.42630042109237,235904.0987544656,7275.085214501276,1021,,,,7274.085214501276,True,0,-1,-0.030671868800994262,True
2628812564394787695,51.0973592,71.4136567,51.0966867,71.4077748,417.4893709454622,129920.0768996047,311.1937355563874,2531,,,,310.1937355563874,True,0,-1,-0.08871498193218419,True
2644259489796299538,51.0990447,71.4018265,51.0944962,71.4337601,2286.597863384103,43960.55322628256,19.225310200028844,87,,,,18.225310200028844,True,0,-1,-0.01090816176260856,True
2652841124581778479,51.09407,71.43614,51.08969,71.4109,1828.7709064030544,418016.5906932207,228.57788760178985,864,,,,227.57788760178985,True,0,-1,-0.018420299826954256,True
2780751523215887222,51.0852728,71.4226268,51.0953455,71.4222084,1120.4142637789644,520939.4078842893,464.95249545221816,1101,,,,463.95249545221816,True,0,-1,-0.05480550175424992,True
2796987688829728549,51.0825096,71.4002992,51.079561,71.4313249,2191.9583499155783,7393.274795614078,3.372908429532352,14,,,,2.372908429532352,True,0,-1,-0.055997566952832645,True
2800956371365632026,51.09132,71.41064,51.09132,71.41064,0.0,245684.1827917828,,2061,,,,0.0,False,0,-1,-0.17779429488852094,True
2811526296549264351,51.0855224,71.4109046,51.0855791,71.4107451,12.801046787626609,548178.0988392682,42822.91190194953,3837,,,,42821.91190194953,True,0,-1,-0.16320936003465336,True
2893179427681202570,51.0874883,71.42613,51.0936083,71.4118,1210.260125721693,750618.5233113931,620.2125537795357,1245,,,,619.2125537795357,True,0,-1,-0.11899905864301841,True
2981519422500179664,51.09895,71.406,51.08157,71.39981,1980.3321483927775,14377.844441834171,7.260319665821272,19,,,,6.260319665821272,True,0,-1,-0.022022529593371254,True
3008110966801417988,51.0816057,71.399846,51.0952538,71.4294952,2567.366580913135,99232.58037261112,38.65150427303494,123,,,,37.65150427303494,True,0,-1,-0.01757515500303708,True
3029759189273989192,51.0998983,71.4283477,51.0783499,71.4287453,2396.233670100403,510760.6896332397,213.15145346899277,524,,,,212.15145346899277,True,0,-1,-0.05239807683073383,True
3127542042404642114,51.0785773,71.4206608,51.0954803,71.4222119,1882.647613153508,696247.481787138,369.8235808563752,1239,,,,368.8235808563752,True,0,-1,-0.1316627456751449,True
3137661620227735775,51.08178,71.39991,51.09815,71.42792,2672.1340375719788,116410.06720112298,43.56445655955882,125,,,,42.56445655955882,True,0,-1,-0.01490859485641649,True
3177360273070079196,51.0963349,71.4219508,51.085194,71.4118977,1423.9431190850262,546729.7707546941,383.95478262221786,659,,,,382.95478262221786,True,0,-1,-0.012176045253113776,True
3183025798458650680,51.0876622,71.4119614,51.0869145,71.410638,124.32334073213448,1457860.3747005444,11726.361004420178,2085,,,,11725.361004420178,True,0,-1,-0.19936077126534968,True
3266479819298978440,51.0984201,71.4212179,51.0870855,71.4129587,1386.0664469046856,900927.996861794,649.9890383132168,1704,,,,648.9890383132168,True,0,-1,-0.16278197281175422,True
3281345329502077642,51.0824858,71.3994923,51.08969,71.40919,1049.060636155519,1139003.7387026332,1085.736800569248,1609,,,,1084.736800569248,True,0,-1,-0.16810400316775775,True
3288730153152678090,51.095142,71.4267698,51.0956702,71.425618,99.59518730948793,483900.5337332672,4858.673865731748,618,,,,4857.673865731748,True,0,-1,-0.006877882787252654,True
3295949771365342009,51.08087,71.41181,51.10152,71.41523,2308.56464503958,13081.169105025108,5.666364653522983,18,,,,4.666364653522983,True,0,-1,-0.060072583769353205,True
3300283037405711534,51.1012886,71.4201424,51.0941608,71.413126,931.7884860018512,138272.6715207315,148.39491322117152,1958,,,,147.39491322117152,True,0,-1,-0.08286912334672003,True
3345341879353946503,51.0884418,71.428686,51.0877786,71.4108667,1246.7587269325743,820306.3760827965,657.9511804188553,1244,,,,656.9511804188553,True,0,-1,-0.1302567902338685,True
3350606637310821181,51.085814,71.4192472,51.0928512,71.4148185,841.4161155320522,1114960.2890012043,1325.0997555426925,1781,,,,1324.0997555426925,True,0,-1,-0.1793274491575224,True
3374935162887289027,51.0953034,71.4280443,51.0825028,71.4002182,2408.940809551108,432902.0324564093,179.7063799741423,1002,,,,178.7063799741423,True,0,-1,-0.0902048369368098,True
3422659917015957311,51.07612,71.42003,51.10119,71.40695,2933.531664188852,447609.8577505029,152.58395306064344,611,,,,151.58395306064344,True,0,-1,-0.06848858430714644,True
3443986353303814889,51.077395,71.426595,51.077395,71.426595,0.0,142453.0197126119,,138,,,,0.0,False,0,-1,-0.07547842626759338,True
3533781810446741379,51.0853376,71.4346985,51.087055,71.4273367,548.5166413767264,8696.109209736343,15.853865778638744,200,,,,14.853865778638744,True,0,-1,-0.0021905742271056683,True
3534351003120657722,51.1001926,71.4267241,51.0895573,71.4112854,1600.2884514167051,883023.9354494745,551.7904816895667,1113,,,,550.7904816895667,True,0,-1,-0.12971926849013027,True
4002255627825337759,51.0864298,71.4094354,51.085536,71.4169954,537.3184532075469,999460.7560438009,1860.0901384969648,1800,,,,1859.0901384969648,True,0,-1,-0.17585335439877559,True
4017432169968279923,51.096299,71.4067751,51.096323,71.406792,2.9179818670237627,1046083.1680928516,358495.43135092163,3231,,,,358494.43135092163,True,0,-1,-0.21107083384274894,True
4132012893350524521,51.1018347,71.4223761,51.0913274,71.4125048,1356.5521419254055,583315.3992540264,429.9985096231574,1108,,,,428.9985096231574,True,0,-1,-0.07349322021884608,True
4165883717887848160,51.09873,71.4316,51.09873,71.4316,0.0,58276.323219995145,,92,,,,0.0,False,0,-1,-0.03124892363598475,True
4229193238390928395,51.0869117,71.40929,51.0868867,71.4092483,4.026267343247288,429361.4522788085,106640.07520487138,724,,,,106639.07520487138,True,0,-1,-0.01740346896760625,True
4239346291269268527,51.081961,71.3998639,51.0994583,71.4284467,2787.533967721848,48722.0800804202,17.478560134009424,59,,,,16.478560134009424,True,0,-1,-0.04966120476844471,True
4257393018633976269,51.0764767,71.4198417,51.0992035,71.428355,2596.116015479189,63975.75908412586,24.642873701588897,117,,,,23.642873701588897,True,0,-1,-0.02842962668392679,True
4292001963685086602,51.0794179,71.4210529,51.0983897,71.4272291,2153.21905205074,383053.5821853498,177.89810183061823,611,,,,176.89810183061823,True,0,-1,-0.00018137588719946418,True
4380195384150710501,51.0963018,71.4143508,51.1015163,71.4222873,802.0749270118939,581468.3040594235,724.9550939407447,1154,,,,723.9550939407447,True,0,-1,-0.07691366961700796,True
4410160327969649689,51.09728,71.42159,51.09728,71.42159,0.0,8735.386022625386,,110,,,,0.0,False,0,-1,-0.009766222945416625,True
4522420085232938475,51.10073,71.40773,51.10073,71.40773,0.0,5615.059150975062,,122,,,,0.0,False,0,-1,-0.01591633616703647,True
4527236784114349009,51.08241,71.40008,51.10105,71.41848,2438.7060205283688,89993.29186717208,36.902066550717,124,,,,35.902066550717,True,0,-1,-0.0016821857294231357,True
4529639792473731026,51.0984908,71.4278598,51.0822842,71.3999886,2652.6555925666285,54071.73963624315,20.384003029931595,56,,,,19.384003029931595,True,0,-1,-0.03471821367388617,True
4531070857685222772,51.0988249,71.4280503,51.0786004,71.4253124,2256.9771882432237,39948.7943645957,17.70013209379882,58,,,,16.70013209379882,True,0,-1,-0.005577874395571891,True
4554622883980388316,51.09974,71.40644,51.07959,71.42044,2444.6381582753675,31968.51461199529,13.076992398150368,53,,,,12.076992398150368,True,0,-1,-0.03747952939581911,True
4645786198170631381,51.0988121,71.4030002,51.0899617,71.4079304,1042.608965580607,532668.7860050625,510.8998709870392,929,,,,509.8998709870392,True,0,-1,-0.03662919898370598,True
4655498359336984228,51.09625,71.42709,51.09933,71.42436,391.96234811194734,234389.9055803068,597.9908700653139,1146,,,,596.9908700653139,True,0,-1,-0.024928804619367195,True
4727301937734381776,51.0915448,71.4032651,51.0912853,71.4031733,29.558753456455875,341708.6344672372,11560.319516539194,917,,,,11559.319516539194,True,0,-1,-0.023423687289049644,True
4875442290428207278,51.0871896,71.423775,51.0931359,71.4093906,1202.6849645957138,528416.2676230682,439.3638260878208,800,,,,438.3638260878208,True,0,-1,-0.009451324976163411,True
4939552803725711117,51.0807667,71.4117278,51.0825938,71.4001002,837.2573384296294,1138710.5953621175,1360.048509694639,1488,,,,1359.048509694639,True,0,-1,-0.1720351583280223,True
4982265708780708364,51.1001271,71.4122617,51.0760894,71.420066,2727.88450344344,306428.6281537057,112.33196558244948,439,,,,111.33196558244948,True,0,-1,-0.008084928291420712,True
5037389830581505846,51.08794,71.40747,51.09851,71.40579,1181.171763593993,1181.171763593993,1.0,2,,,,0.0,True,0,-1,-0.003127828302786795,True
5056455937806672821,51.076,71.42002,51.09636,71.42736,2321.2522894567783,37054.29263549888,15.963061319875038,66,,,,14.963061319875038,True,0,-1,-0.012515451740372607,True
5067258237647329438,51.09777,71.40571,51.07972,71.42033,2251.8853015089376,2251.8853015089376,1.0,2,,,,0.0,True,0,-1,-0.0718062736957592,True
5161279839952119339,51.0854334,71.4332352,51.0879839,71.3954578,2653.8118388062167,100621.8105369722,37.91595510487873,125,,,,36.91595510487873,True,0,-1,-0.021914399111503835,True
5231275771364887142,51.0859372,71.4121836,51.0991287,71.4280033,1836.351892113768,605534.5530792024,329.748647674597,886,,,,328.748647674597,True,0,-1,-0.06753962470915831,True
5232334491413708952,51.0769288,71.4204035,51.0993807,71.4284116,2558.4246935969486,50696.7561219234,19.81561397871268,90,,,,18.81561397871268,True,0,-1,-0.03073295972710688,True
5240833594012460707,51.0837206,71.4225879,51.0944744,71.4160793,1279.2587195984183,576207.9802993005,450.4233361646988,795,,,,449.4233361646988,True,0,-1,-0.024331525809411336,True
5383298954619277895,51.08665,71.43299,51.08665,71.43299,0.0,132728.68199168623,,335,,,,0.0,False,0,-1,-0.09084758668304604,True
5447527791319270248,51.0876279,71.4123071,51.092116,71.4136645,507.9787911518418,410095.8816671093,807.3090625244747,1177,,,,806.3090625244747,True,0,-1,-0.04507256923715064,True
5543896079754369899,51.0825009,71.4000211,51.0868294,71.4103974,870.0352035916355,539191.8565399658,619.7356777221211,863,,,,618.7356777221211,True,0,-1,-0.022834646977434314,True
5572426440350007230,51.0821757,71.4018225,51.086214,71.4122941,858.2799902981694,518243.4215949545,603.8162691115692,863,,,,602.8162691115692,True,0,-1,-0.019021171140098825,True
5670285233369267786,51.0984435,71.4055776,51.0860731,71.4015374,1404.167005186043,2482.653209604327,1.768061206704819,10,,,,0.7680612067048189,False,0,-1,-0.008802340677952603,True
5676863032192566650,51.0843892,71.4008869,51.0952211,71.4106046,1382.5122271631876,484716.4977884316,350.6055774877549,785,,,,349.6055774877549,True,0,-1,-0.0027554822987208016,True
5681246730295916620,51.0887067,71.4072711,51.0925937,71.4096943,464.1667809711472,404640.1748154276,871.755996775177,937,,,,870.755996775177,True,0,-1,-0.017093531810405627,True
5789312848538566335,51.09652,71.42329,51.09652,71.42329,0.0,160116.89167730618,,286,,,,0.0,False,0,-1,-0.08863559171221347,True
5803431288795999789,51.09476,71.43425,51.09476,71.43425,0.0,32976.06137067399,,117,,,,0.0,False,0,-1,-0.02790749255917635,True
5997200784441789701,51.0785964,71.4217591,51.079045,71.4225383,73.83246485439753,526974.4615858529,7137.435579661077,721,,,,7136.435579661077,True,0,-1,-0.033562812981590584,True
6052222733231700139,51.0956701,71.4254992,51.0955143,71.4246148,64.1440420818888,477984.96280413365,7451.743720701594,1275,,,,7450.743720701594,True,0,-1,-0.09468842298012514,True
6078964741276220033,51.0949591,71.4234495,51.0946963,71.4222419,89.25110203149157,804317.3408298036,9011.847725376056,1788,,,,9010.847725376056,True,0,-1,-0.16814253886540032,True
6080550576810386740,51.0828609,71.4002628,51.0947593,71.4318139,2570.296521529792,442475.37911614624,172.14954594141273,827,,,,171.14954594141273,True,0,-1,-0.07517264264676438,True
6090644706411630883,51.0904454,71.4230852,51.0963754,71.4121811,1007.3104696144248,1091700.070893187,1083.7771509622694,1495,,,,1082.7771509622694,True,0,-1,-0.16776330694889974,True
6111579292539683332,51.082753293017554,71.40028765128439,51.100208947707216,71.40650627922572,1988.9756427043867,6001.252082943812,3.017257704968161,9,,,,2.017257704968161,True,0,-1,-0.04114962362769581,True
6210583710147233517,51.08604,71.4122,51.08604,71.4122,0.0,257133.3672472041,,626,,,,0.0,False,0,-1,-0.11763838492014345,True
6328164263714751224,51.0836832,71.4259091,51.094087,71.4059556,1811.204499469684,9139.276677229967,5.045966195372154,11,,,,4.045966195372154,True,0,-1,-0.022049617033189528,True
6402146386860133556,51.0981217,71.4133006,51.0902483,71.4114399,885.0728396247346,668199.8537632802,754.9659461322899,1057,,,,753.9659461322899,True,0,-1,-0.08467956827454948,True
6438945353585814388,51.0885772,71.4023467,51.0944372,71.4070402,729.4050871474418,675731.4242951245,926.4144659831968,993,,,,925.4144659831968,True,0,-1,-0.0800063166781515,True
6556988216864760761,51.0759796,71.4135033,51.0851304,71.411751,1024.858941281706,506949.6405645481,494.65308848313146,891,,,,493.65308848313146,True,0,-1,-0.02344197353893196,True
6614750975999513336,51.0908539,71.424391,51.0818739,71.3999369,1978.5029918781047,14879.995306945511,7.520835383130047,20,,,,6.520835383130047,True,0,-1,-0.018296037459016645,True
6692119367489976968,51.09806,71.41298,51.09806,71.41298,0.0,61992.44068930842,,169,,,,0.0,False,0,-1,-0.06286672549627503,True
6693494051153217639,51.08951,71.40639,51.08682,71.41156,468.89078450260354,510172.4109720106,1088.041027535225,927,,,,1087.041027535225,True,0,-1,-0.039752313222018,True
6718736446438891510,51.1011377,71.4191423,51.0852782,71.433767,2037.9035370419383,442593.07111894246,217.18057948973183,517,,,,216.18057948973183,True,0,-1,-0.003270901884067534,True
6737356846440045679,51.0863759,71.4150052,51.0948111,71.4268097,1248.776027871441,516417.5842612808,413.5389955727472,821,,,,412.5389955727472,True,0,-1,-0.010430343196697889,True
6820623603594860111,51.08544,71.43107,51.10125,71.41308,2160.778940108046,325295.1126050272,150.54529945981488,873,,,,149.54529945981488,True,0,-1,-0.04319244637449582,True
7070589839751543051,51.08998,71.4328,51.10054,71.40653,2178.134810559113,32114.92327795886,14.744231221259977,83,,,,13.744231221259977,True,0,-1,-0.0023678878282530347,True
7093048863171104002,51.0847598,71.4009182,51.086516,71.4148237,990.7080445916392,1834714.906765252,1851.9228916946008,2724,,,,1850.9228916946008,True,0,-1,-0.20348872134473595,True
7115060457132178549,51.10106,71.41297,51.08227,71.40208,2223.471182929128,386471.9966133819,173.8147089922058,656,,,,172.8147089922058,True,0,-1,-0.015023397279944728,True
7116231186838425822,51.0761,71.42008,51.09435,71.42659,2079.628295195808,6496.100125724975,3.123683275867976,10,,,,2.123683275867976,True,0,-1,-0.049808652523518626,True
7214387287875320623,51.0944247,71.4355214,51.0899715,71.4115649,1744.8152968752993,603189.48503009,345.7039184091928,872,,,,344.7039184091928,True,0,-1,-0.06087730165548688,True
7218383583516942409,51.0863132,71.4162425,51.0863263,71.4123175,274.1532117746812,717173.4102777625,2615.958447596766,1101,,,,2614.958447596766,True,0,-1,-0.10041698208747574,True
7330944877497336823,51.0851217,71.41727,51.0849309,71.4205718,231.60096287761004,870280.8162866444,3757.673566955531,2478,,,,3756.673566955531,True,0,-1,-0.18881810685361233,True
7410051975204977718,51.0794791,71.4215179,51.1001958,71.4287216,2357.8939422440444,39599.99910958477,16.794648139219035,35,,,,15.794648139219037,True,0,-1,-0.02859200158435804,True
7511312776958872205,51.0859683,71.428095,51.0891963,71.4113172,1225.585575172808,545765.9386772919,445.3103477497593,985,,,,444.3103477497593,True,0,-1,-0.047024214556887656,True
7586063019001777853,51.0909798,71.4271536,51.0824636,71.4007578,2072.625651203666,19611.180425643317,9.461998318053348,53,,,,8.461998318053347,True,0,-1,-0.007872287712233916,True
7659763888959555169,51.08142,71.3998,51.10107,71.42232,2692.172944388002,47172.73509119456,17.522178576799448,105,,,,16.522178576799448,True,0,-1,-0.05149954012662239,True
7789265818512773725,51.101887,71.4129317,51.0814735,71.3997317,2449.937639203912,51889.91268360568,21.180095302534685,59,,,,20.180095302534685,True,0,-1,-0.024147450372827284,True
7918424369517378348,51.0987492,71.4280189,51.078181,71.4206634,2344.0684233085485,44920.99834493459,19.163689036658152,81,,,,18.163689036658152,True,0,-1,-0.011100929871067033,True
7928333981051100298,51.09431,71.43529,51.0796,71.42125,1907.11593534577,445592.6834207013,233.64740190266045,753,,,,232.64740190266045,True,0,-1,-0.014911703534141063,True
8033674256197675647,51.0901876,71.405909,51.0899094,71.4081287,158.08305196109012,505048.0719000953,3194.8274380760668,1062,,,,3193.8274380760668,True,0,-1,-0.0706977529396361,True
8094543664225900808,51.09818,71.40595,51.0954658,71.434584,2022.1923662105648,586727.513901908,290.14426308086155,935,,,,289.14426308086155,True,0,-1,-0.09005594318966681,True
8191433644359309183,51.10018,71.40643,51.08416,71.42295,2122.32546443777,388599.5175430515,183.1008127898029,669,,,,182.1008127898029,True,0,-1,-0.009450551313368027,True
8205330487656531994,51.0899215,71.4086929,51.084663,71.4292033,1547.2948277719036,675169.3331726152,436.35467595070776,937,,,,435.35467595070776,True,0,-1,-0.08633313523557506,True
8210523121742321153,51.0891083,71.4267167,51.0891083,71.4267167,0.0,85259.59998299018,,206,,,,0.0,False,0,-1,-0.07283234838945274,True
8269126377413641133,51.0813391,71.3996852,51.0934362,71.4340357,2750.5746942446417,595901.098123827,216.64603378003244,724,,,,215.64603378003244,True,0,-1,-0.10864373801502303,True
8345645177008988404,51.0787267,71.4210008,51.0994395,71.4284644,2361.412603398932,43105.74607554788,18.254220382114937,74,,,,17.254220382114937,True,0,-1,-0.010590399745325607,True
8387740123683699617,51.0837,71.4196,51.0837,71.4196,0.0,150038.8960981903,,390,,,,0.0,False,0,-1,-0.09473944987402638,True
8539328646841049184,51.0846644,71.4365756,51.0897381,71.4266217,895.3441745225491,1146980.8476625294,1281.0502154371732,2427,,,,1280.0502154371732,True,0,-1,-0.19562271207095805,True
8592274618136381964,51.0967567,71.418275,51.0891406,71.4264901,1022.9093290520932,473883.5469857635,463.2703344536906,926,,,,462.2703344536906,True,0,-1,-0.025292090523774235,True
8690189758612440177,51.0989129,71.4280272,51.0820571,71.4036679,2531.253216548002,338670.9879948223,133.79577585552073,431,,,,132.79577585552073,True,0,-1,-0.003973329260578473,True
8705176187080878101,51.0844934,71.4070138,51.0844266,71.4083101,90.85041656197652,390356.01089825726,4296.689279701469,936,,,,4295.689279701469,True,0,-1,-0.02740198269485994,True
8752049731697356087,51.1004581,71.4276395,51.0827283,71.4067983,2450.5576942534976,73726.92167818919,30.08577265945509,66,,,,29.08577265945509,True,0,-1,-0.010761189209313016,True
8755409464307333415,51.0783329,71.4208937,51.0978491,71.4276144,2220.289005411422,27107.368483870698,12.208936952713358,23,,,,11.208936952713358,True,0,-1,-0.024561459733357438,True
8758816838902830722,51.0889324,71.4263744,51.0914662,71.4265091,281.9027230186272,485875.3755346611,1723.5568721432894,1078,,,,1722.5568721432894,True,0,-1,-0.05894977437908977,True
8812762025431037278,51.083892,71.4007732,51.0783533,71.4285994,2039.0285821883672,630501.482666722,309.21659861679944,1133,,,,308.21659861679944,True,0,-1,-0.11380745481638377,True
8876434091908046900,51.0768961,71.4161659,51.100214,71.4264975,2691.371308219648,429090.6675655909,159.4319840800547,575,,,,158.4319840800547,True,0,-1,-0.0588406143241339,True
8933423426841097981,51.09441,71.4344,51.08477,71.40096,2569.7571742264745,317710.695691501,123.63452036558104,531,,,,122.63452036558104,True,0,-1,-0.010476817893957824,True
8947086965263395599,51.08314,71.40051,51.09676,71.41088,1678.7439469143865,481316.1742882823,286.7120832649702,1166,,,,285.7120832649702,True,0,-1,-0.07081022667216041,True
9003267829125825720,51.0933171,71.429672,51.0911499,71.4088875,1471.4161971669923,511579.17128403706,347.6780888160751,781,,,,346.6780888160751,True,0,-1,-0.011608457587071741,True
9210558020409665913,51.085,71.43646,51.08946,71.40255,2419.8280093456,92476.08652865877,38.21597492528706,125,,,,37.21597492528706,True,0,-1,-0.0007255584487746436,True
